<?xml version="1.0" encoding="UTF-8"?> 
<project>                                  
  <executable name="lab3.elf">                 
    <memory name="program">              
      <units>bytes</units>                 
      <length>32768</length>                 
      <used>1426</used>                     
      <free>31342</free>                     
    </memory>                              
    <memory name="data">                 
      <units>bytes</units>                 
      <length>2048</length>                 
      <used>14</used>                     
      <free>2034</free>                     
    </memory>                              
  </executable>                            
</project>                                 
